document,date,datetype,location
MN2714,1906,instance,N/A
No-MM_K0117,1889-03-01,instance,N/A
No-MM_K0119,1889-03-11,instance,N/A
No-MM_K0311,1896-06-27,instance,N/A
No-MM_K0585,1899-12-10,instance,N/A
No-MM_K0798,1902,instance,N/A
No-MM_K0853,1906-08,instance,N/A
No-MM_K1503,1892-06-27,instance,N/A
No-MM_K1594,1893-06,instance,N/A
No-MM_K1767,1903-10,instance,N/A
No-MM_K1797,1903-05,instance,N/A
No-MM_K1803,1903-07,instance,N/A
No-MM_K4379,1890-02-18,instance,N/A
No-MM_K4401,1891-11-28,instance,N/A
No-MM_K4410,1892-01-11,instance,N/A
No-MM_K4423,1893-04-30,instance,N/A
No-MM_K4429,1894-04-18,instance,N/A
No-MM_K4435,1894-12,instance,N/A
No-MM_K4521,1895-03-13,instance,N/A
No-MM_K4523,1895-06-18,instance,N/A
No-MM_K4529,1896-06-23,instance,N/A
No-MM_K4532,1896-09-14,instance,N/A
No-MM_K4540,1899-11-21,instance,N/A
No-MM_K4548,1899-04-21,instance,N/A
No-MM_K4742,1909-05,instance,N/A
No-MM_K4768,1902.03.09%1902.03.11,fromTo,N/A
No-MM_K5061,1894-12-01,instance,N/A
No-MM_K5138,1891-04-01,instance,N/A
No-MM_K5139,1892-02,instance,N/A
No-MM_N0002,1889-12,instance,N/A
No-MM_N0033,N/A,N/A,Saint-Cloud
No-MM_N0041,1929-02,instance,N/A
No-MM_N0057,N/A,N/A,Warnemünde
No-MM_N0063,N/A,N/A,Saint-Cloud
No-MM_N0118,1889-02,instance,N/A
No-MM_N0120,N/A,N/A,Paris
No-MM_N0123,1890.09%1890.10,fromTo,N/A
No-MM_N0139,1909-03,instance,N/A
No-MM_N0156,1909-02,instance,N/A
No-MM_N0160,1896,instance,N/A
No-MM_N0161,1930,instance,N/A
No-MM_N0183,1915-09,instance,N/A
No-MM_N0184,1915-09,instance,N/A
No-MM_N0186,1912-02,instance,N/A
No-MM_N0188,1896-08,instance,N/A
No-MM_N0196,1916%1916,fromTo,N/A
No-MM_N0197,1916%1916,fromTo,N/A
No-MM_N0198,1916%1916,fromTo,N/A
No-MM_N0202,1902,instance,N/A
No-MM_N0206,1896.12%1897.01,fromTo,N/A
No-MM_N0213,1929-02,instance,N/A
No-MM_N0253,1929-02,instance,N/A
No-MM_N0266,1907%1907,fromTo,N/A
No-MM_N0275,1932-11,instance,N/A
No-MM_N0277,1909-01,instance,N/A
No-MM_N0278,1899,instance,N/A
No-MM_N0341,N/A,N/A,Oslo
No-MM_N0395,1918-09,instance,Oslo
No-MM_N0490,N/A,N/A,Berlin
No-MM_N0492,1909-12,instance,N/A
No-MM_N0553,1896-12,instance,N/A
No-MM_N0561,N/A,N/A,Oslo
No-MM_N0570,N/A,N/A,Oslo
No-MM_N0619,1909-11,instance,N/A
No-MM_N0668,N/A,N/A,Weimar
No-MM_N0669,1906.12%1907.01,fromTo,N/A
No-MM_N0670,1911-10,instance,N/A
No-MM_N0672,1916%1916,fromTo,N/A
No-MM_N0678,1916%1916,fromTo,N/A
No-MM_N0679,N/A,N/A,Oslo
No-MM_N0681,1916%1916,fromTo,N/A
No-MM_N0685,N/A,N/A,Åsgårdstrand
No-MM_N0687,N/A,N/A,Oslo
No-MM_N0698,1926-10,instance,N/A
No-MM_N0702,1905,instance,N/A
No-MM_N0703,N/A,N/A,Oslo
No-MM_N0710,1914-09,instance,N/A
No-MM_N0711,N/A,N/A,Oslo
No-MM_N0716,1874-06-18,instance,N/A
No-MM_N0717,1875-08-02,instance,Løten
No-MM_N0718,1878-05-18,instance,N/A
No-MM_N0719,1885-05-01,instance,N/A
No-MM_N0720,1889-02-01,instance,N/A
No-MM_N0721,1889-10-09,instance,Paris
No-MM_N0722,1889-11-02,instance,N/A
No-MM_N0723,1878-08-20,instance,Gardermoen
No-MM_N0724,1879-07-06,instance,Helgelandsmoen
No-MM_N0725,1891-01-02,instance,Le Havre
No-MM_N0726,1894-04,instance,N/A
No-MM_N0727,1894-10,instance,N/A
No-MM_N0728,1876-06-27,instance,Gardermoen
No-MM_N0729,1879-06-21,instance,Helgelandsmoen
No-MM_N0730,1882-05-26,instance,N/A
No-MM_N0731,1884.06%1884.07,fromTo,N/A
No-MM_N0732,1884.06%1884.07,fromTo,N/A
No-MM_N0733,1884.08%1884.09,fromTo,N/A
No-MM_N0734,1885-05-05,instance,Paris
No-MM_N0735,1888-07-06,instance,Hankø
No-MM_N0736,1888-07-13,instance,N/A
No-MM_N0737,1889-01-08,instance,N/A
No-MM_N0738,1889,instance,N/A
No-MM_N0739,1889-10,instance,N/A
No-MM_N0740,1889-11-14,instance,N/A
No-MM_N0741,1889-11-30,instance,Paris
No-MM_N0742,1889-12-04,instance,Paris
No-MM_N0743,1889-12-19,instance,Paris
No-MM_N0744,1890-01-02,instance,Saint-Cloud
No-MM_N0745,1890-01-15,instance,Saint-Cloud
No-MM_N0746,1890-02,instance,Saint-Cloud
No-MM_N0747,1890-03,instance,Saint-Cloud
No-MM_N0748,1890,instance,N/A
No-MM_N0749,1890-11-09,instance,Le Havre
No-MM_N0750,1890-11-21,instance,Le Havre
No-MM_N0751,1890-11-25,instance,Le Havre
No-MM_N0752,1890-12-03,instance,Le Havre
No-MM_N0753,1890-12-29,instance,Le Havre
No-MM_N0754,1890,instance,N/A
No-MM_N0755,1890-02,instance,N/A
No-MM_N0756,1891-01,instance,N/A
No-MM_N0757,1891-11-30,instance,N/A
No-MM_N0758,1891-01-09,instance,Nice
No-MM_N0759,1891-01-18,instance,N/A
No-MM_N0760,1891-01-21,instance,N/A
No-MM_N0761,1891-01-20,instance,Nice
No-MM_N0762,1891-02-09,instance,Nice
No-MM_N0763,1891-02-13,instance,Nice
No-MM_N0764,1891-02-17,instance,Nice
No-MM_N0765,1891-03,instance,N/A
No-MM_N0766,1891-03,instance,N/A
No-MM_N0767,1891-03-10,instance,Nice
No-MM_N0768,1891-03-18,instance,Nice
No-MM_N0769,1891-04-06,instance,N/A
No-MM_N0770,1891-04-13,instance,Nice
No-MM_N0771,1891-04-25,instance,N/A
No-MM_N0772,1891-05-06,instance,N/A
No-MM_N0773,1891-05-17,instance,N/A
No-MM_N0774,1891-11,instance,N/A
No-MM_N0775,1891-01,instance,N/A
No-MM_N0776,1891-12-06,instance,Nice
No-MM_N0777,1892-01-02,instance,Nice
No-MM_N0778,1892-02,instance,N/A
No-MM_N0779,1892-02,instance,N/A
No-MM_N0780,1892-02-23,instance,Nice
No-MM_N0781,1892-10-20,instance,N/A
No-MM_N0782,1892-03,instance,N/A
No-MM_N0783,1892-10-25,instance,Berlin
No-MM_N0784,1892-11,instance,N/A
No-MM_N0785,1892-11-12,instance,Berlin
No-MM_N0786,1892-11-17,instance,Berlin
No-MM_N0787,1892-11-26,instance,Berlin
No-MM_N0788,1893-12,instance,N/A
No-MM_N0789,1906-06,instance,N/A
No-MM_N0790,1893-01-20,instance,Berlin
No-MM_N0791,1893-02-25,instance,Berlin
No-MM_N0792,1893-04,instance,N/A
No-MM_N0793,1893-06,instance,N/A
No-MM_N0794,1893-05-26,instance,Dresden
No-MM_N0795,1893-06-18,instance,N/A
No-MM_N0796,1893,instance,N/A
No-MM_N0797,1893-11-17,instance,N/A
No-MM_N0798,1893-12-18,instance,Berlin
No-MM_N0799,1906-03,instance,N/A
No-MM_N0800,1893-12-03,instance,Berlin
No-MM_N0801,1892.12%1893.01,fromTo,N/A
No-MM_N0802,1894-02-25,instance,N/A
No-MM_N0803,1894-03-13,instance,Berlin
No-MM_N0804,1894-04-29,instance,Berlin
No-MM_N0805,1894-10-07,instance,Stockholm
No-MM_N0806,1894-10-24,instance,Berlin
No-MM_N0807,1894-11-14,instance,Berlin
No-MM_N0808,1895-02-03,instance,Berlin
No-MM_N0809,1894-04,instance,N/A
No-MM_N0810,1895-03,instance,N/A
No-MM_N0811,1895-06,instance,N/A
No-MM_N0812,1895-10,instance,N/A
No-MM_N0813,1895-10-26,instance,N/A
No-MM_N0814,1896-02-26,instance,N/A
No-MM_N0815,1897,instance,N/A
No-MM_N0816,1896-03,instance,N/A
No-MM_N0817,1896-03-27,instance,N/A
No-MM_N0818,1896-05-12,instance,N/A
No-MM_N0819,1896-07-01,instance,N/A
No-MM_N0820,1896-09,instance,N/A
No-MM_N0821,1896-08-04,instance,N/A
No-MM_N0822,1896,instance,N/A
No-MM_N0823,1896-10-16,instance,N/A
No-MM_N0824,1896-11,instance,N/A
No-MM_N0825,1897,instance,N/A
No-MM_N0826,1897-01,instance,N/A
No-MM_N0827,1897-01,instance,N/A
No-MM_N0828,1898-03-19,instance,N/A
No-MM_N0829,1899-04-25,instance,N/A
No-MM_N0830,1899-05-08,instance,N/A
No-MM_N0831,1899-04,instance,N/A
No-MM_N0832,1900.06%1900.07,fromTo,N/A
No-MM_N0833,1899-11,instance,N/A
No-MM_N0834,1899-11,instance,N/A
No-MM_N0837,1900-09,instance,N/A
No-MM_N0841,1901.12%1902.01,fromTo,N/A
No-MM_N0844,1902-03,instance,N/A
No-MM_N0849,1893-06,instance,N/A
No-MM_N0851,1902-08,instance,N/A
No-MM_N0852,N/A,N/A,Lübeck
No-MM_N0853,N/A,N/A,Lübeck
No-MM_N0855,N/A,N/A,Berlin
No-MM_N0859,N/A,N/A,Leipzig
No-MM_N0860,N/A,N/A,Paris
No-MM_N0861,N/A,N/A,Paris
No-MM_N0862,N/A,N/A,Lübeck
No-MM_N0864,N/A,N/A,Lübeck
No-MM_N0866,N/A,N/A,Berlin
No-MM_N0867,N/A,N/A,Lübeck
No-MM_N0869,1894-12,instance,N/A
No-MM_N0870,N/A,N/A,Weimar
No-MM_N0871,N/A,N/A,Åsgårdstrand
No-MM_N0872,1904-07,instance,N/A
No-MM_N0873,N/A,N/A,Lübeck
No-MM_N0874,N/A,N/A,Travemünde
No-MM_N0877,1904-09,instance,N/A
No-MM_N0878,N/A,N/A,Åsgårdstrand
No-MM_N0879,1905-08,instance,N/A
No-MM_N0880,N/A,N/A,Åsgårdstrand
No-MM_N0881,N/A,N/A,Åsgårdstrand
No-MM_N0883,N/A,N/A,Lübeck
No-MM_N0884,1903-10,instance,N/A
No-MM_N0885,1905-03,instance,N/A
No-MM_N0886,1905-03,instance,N/A
No-MM_N0887,1905.08%1905.09,fromTo,N/A
No-MM_N0888,1905-09,instance,N/A
No-MM_N0893,N/A,N/A,Praha
No-MM_N0895,N/A,N/A,Thüringen
No-MM_N0896,N/A,N/A,Bad Elgersburg
No-MM_N0897,1905,instance,N/A
No-MM_N0898,1905-08,instance,N/A
No-MM_N0899,1905-09,instance,N/A
No-MM_N0900,1906-09,instance,N/A
No-MM_N0901,N/A,N/A,Lübeck
No-MM_N0902,1905-03,instance,N/A
No-MM_N0904,N/A,N/A,Weimar
No-MM_N0905,1906-03,instance,N/A
No-MM_N0906,1906-03,instance,N/A
No-MM_N0907,N/A,N/A,Berlin
No-MM_N0908,1906-07,instance,N/A
No-MM_N0909,1906-09,instance,N/A
No-MM_N0913,1906-06,instance,N/A
No-MM_N0917,1906-06,instance,N/A
No-MM_N0921,1907-02,instance,N/A
No-MM_N0922,N/A,N/A,Stockholm
No-MM_N0926,1907-07,instance,N/A
No-MM_N0932,N/A,N/A,Warnemünde
No-MM_N0935,N/A,N/A,Berlin
No-MM_N0936,1908-03,instance,N/A
No-MM_N0937,N/A,N/A,Warnemünde
No-MM_N0938,N/A,N/A,Warnemünde
No-MM_N0939,1908-10,instance,N/A
No-MM_N0941,N/A,N/A,København
No-MM_N0942,N/A,N/A,København
No-MM_N0943,N/A,N/A,København
No-MM_N0944,N/A,N/A,København
No-MM_N0945,N/A,N/A,København
No-MM_N0946,1909-03,instance,N/A
No-MM_N0947,N/A,N/A,København
No-MM_N0949,N/A,N/A,København
No-MM_N0950,N/A,N/A,København
No-MM_N0953,1909-05,instance,N/A
No-MM_N0954,1909-05,instance,N/A
No-MM_N0956,N/A,N/A,Kragerø
No-MM_N0957,N/A,N/A,Travemünde
No-MM_N0958,N/A,N/A,Berlin
No-MM_N0959,1909-09,instance,N/A
No-MM_N0960,1909-10,instance,N/A
No-MM_N0962,1900-08,instance,N/A
No-MM_N0963,N/A,N/A,Kragerø
No-MM_N0964,1911-01,instance,N/A
No-MM_N0965,N/A,N/A,Hvitsten
No-MM_N0966,1911-02,instance,N/A
No-MM_N0970,1896-08-13,instance,N/A
No-MM_N0973,1911.08%1911.09,fromTo,N/A
No-MM_N0978,1913-09,instance,N/A
No-MM_N0989,N/A,N/A,Oslo
No-MM_N0991,1910-03,instance,N/A
No-MM_N0992,1909-11,instance,N/A
No-MM_N0993,N/A,N/A,Oslo
No-MM_N0998,1922-09,instance,N/A
No-MM_N0999,1916%1916,fromTo,N/A
No-MM_N1002,1925-02,instance,N/A
No-MM_N1004,1917-12,instance,N/A
No-MM_N1011,N/A,N/A,Dresden
No-MM_N1015,1915-02,instance,N/A
No-MM_N1017,1916-11,instance,N/A
No-MM_N1018,N/A,N/A,Roma
No-MM_N1019,N/A,N/A,Oslo
No-MM_N1026,1915-05,instance,N/A
No-MM_N1028,1889,instance,N/A
No-MM_N1033,1911-11,instance,N/A
No-MM_N1036,1916-02,instance,N/A
No-MM_N1038,1912-02,instance,N/A
No-MM_N1039,1910-04,instance,N/A
No-MM_N1041,1914-12,instance,N/A
No-MM_N1045,1908-12,instance,N/A
No-MM_N1050,1911-11,instance,N/A
No-MM_N1051,1910-08,instance,N/A
No-MM_N1054,1916.01%1916.02,fromTo,N/A
No-MM_N1061,1925-02,instance,N/A
No-MM_N1062,1922-10,instance,N/A
No-MM_N1063,1894,instance,N/A
No-MM_N1065,1915-03,instance,N/A
No-MM_N1068,1924,instance,N/A
No-MM_N1073,1922-09,instance,N/A
No-MM_N1076,1916%1916,fromTo,N/A
No-MM_N1079,1916%1916,fromTo,N/A
No-MM_N1080,1917.08%1917.09,fromTo,N/A
No-MM_N1081,1916-12,instance,N/A
No-MM_N1082,1916%1916,fromTo,N/A
No-MM_N1083,1909,instance,N/A
No-MM_N1084,1916%1916,fromTo,N/A
No-MM_N1085,1915-09,instance,N/A
No-MM_N1086,1916-12,instance,N/A
No-MM_N1087,1916%1916,fromTo,N/A
No-MM_N1088,1916%1916,fromTo,N/A
No-MM_N1089,1914%1914,fromTo,N/A
No-MM_N1090,1916%1916,fromTo,N/A
No-MM_N1091,1915-03,instance,N/A
No-MM_N1092,1889-12-07,instance,Paris
No-MM_N1093,1890-02-15,instance,Saint-Cloud
No-MM_N1094,1890-05-06,instance,N/A
No-MM_N1095,1891-01-31,instance,Nice
No-MM_N1096,1891-04,instance,N/A
No-MM_N1097,1894-09-29,instance,N/A
No-MM_N1098,1894-09-29,instance,Stockholm
No-MM_N1099,1894-12-17,instance,Berlin
No-MM_N1100,1896-06,instance,N/A
No-MM_N1101,1896-04-24,instance,N/A
No-MM_N1103,1901-12,instance,N/A
No-MM_N1109,1923-04,instance,N/A
No-MM_N1114,1927-10,instance,N/A
No-MM_N1115,1926-01,instance,N/A
No-MM_N1121,1927-10,instance,N/A
No-MM_N1127,1926%1926,fromTo,N/A
No-MM_N1132,N/A,N/A,Oslo
No-MM_N1135,1929-01,instance,N/A
No-MM_N1139,1929-01,instance,N/A
No-MM_N1140,1927-07,instance,N/A
No-MM_N1142,1930-06,instance,N/A
No-MM_N1143,1931-05,instance,N/A
No-MM_N1144,N/A,N/A,Oslo
No-MM_N1145,1931-05,instance,N/A
No-MM_N1147,1930-06,instance,N/A
No-MM_N1148,1932-11,instance,N/A
No-MM_N1149,1932-04,instance,N/A
No-MM_N1162,N/A,N/A,Oslo
No-MM_N1163,N/A,N/A,Oslo
No-MM_N1164,N/A,N/A,Oslo
No-MM_N1165,N/A,N/A,Oslo
No-MM_N1166,N/A,N/A,Göteborg
No-MM_N1167,N/A,N/A,Oslo
No-MM_N1179,N/A,N/A,Oslo
No-MM_N1187,N/A,N/A,Åsgårdstrand
No-MM_N1198,N/A,N/A,Oslo
No-MM_N1200,N/A,N/A,Oslo
No-MM_N1201,N/A,N/A,Oslo
No-MM_N1202,N/A,N/A,Oslo
No-MM_N1217,N/A,N/A,Oslo
No-MM_N1218,N/A,N/A,Oslo
No-MM_N1226,N/A,N/A,Oslo
No-MM_N1228,N/A,N/A,Oslo
No-MM_N1229,N/A,N/A,Oslo
No-MM_N1235,N/A,N/A,Oslo
No-MM_N1253,N/A,N/A,Oslo
No-MM_N1282,N/A,N/A,Oslo
No-MM_N1299,N/A,N/A,Oslo
No-MM_N1335,1927-10,instance,N/A
No-MM_N1359,1927-11,instance,N/A
No-MM_N1383,1927-10,instance,N/A
No-MM_N1384,1924-01,instance,N/A
No-MM_N1387,1922-09,instance,N/A
No-MM_N1406,1914,instance,N/A
No-MM_N1419,N/A,N/A,Oslo
No-MM_N1421,1892-02,instance,Nice
No-MM_N1433,N/A,N/A,Oslo
No-MM_N1444,N/A,N/A,Oslo
No-MM_N1465,1929-01,instance,N/A
No-MM_N1470,1929-01,instance,N/A
No-MM_N1481,N/A,N/A,Oslo
No-MM_N1483,1930-06,instance,N/A
No-MM_N1599,N/A,N/A,Oslo
No-MM_N1600,1921-10,instance,N/A
No-MM_N1601,1921-01,instance,N/A
No-MM_N1605,N/A,N/A,Zürich
No-MM_N1612,1922-09,instance,N/A
No-MM_N1617,N/A,N/A,Oslo
No-MM_N1646,1920-04,instance,N/A
No-MM_N1649,N/A,N/A,Kragerø
No-MM_N1651,N/A,N/A,Oslo
No-MM_N1655,N/A,N/A,Kragerø
No-MM_N1657,N/A,N/A,Oslo
No-MM_N1658,N/A,N/A,Oslo
No-MM_N1659,1903-10,instance,N/A
No-MM_N1661,N/A,N/A,Warnemünde
No-MM_N1662,N/A,N/A,Warnemünde
No-MM_N1663,N/A,N/A,Warnemünde
No-MM_N1664,N/A,N/A,Oslo
No-MM_N1665,1889-03,instance,N/A
No-MM_N1666,1889-03,instance,N/A
No-MM_N1667,1889-05,instance,N/A
No-MM_N1668,1931,instance,N/A
No-MM_N1669,1902-01,instance,Berlin
No-MM_N1673,1919-12,instance,N/A
No-MM_N1674,N/A,N/A,Oslo
No-MM_N1675,1923-01,instance,N/A
No-MM_N1676,N/A,N/A,Oslo
No-MM_N1677,N/A,N/A,Oslo
No-MM_N1682,N/A,N/A,Oslo
No-MM_N1683,N/A,N/A,Åsgårdstrand
No-MM_N1684,N/A,N/A,Oslo
No-MM_N1697,1932-10,instance,N/A
No-MM_N1710,1906-10,instance,N/A
No-MM_N1715,1908-06,instance,N/A
No-MM_N1716,N/A,N/A,Oslo
No-MM_N1720,1896-08,instance,N/A
No-MM_N1721,1896,instance,N/A
No-MM_N1722,1896,instance,N/A
No-MM_N1727,1906%1906,fromTo,N/A
No-MM_N1728,1931%1931,fromTo,N/A
No-MM_N1729,1931%1931,fromTo,N/A
No-MM_N1730,1908-11,instance,N/A
No-MM_N1731,N/A,N/A,Oslo
No-MM_N1760,1908,instance,N/A
No-MM_N1761,1909-03,instance,N/A
No-MM_N1762,N/A,N/A,Oslo
No-MM_N1763,N/A,N/A,Oslo
No-MM_N1764,N/A,N/A,Oslo
No-MM_N1766,N/A,N/A,Oslo
No-MM_N1774,N/A,N/A,Oslo
No-MM_N1784,1891-01,instance,N/A
No-MM_N1790,N/A,N/A,Oslo
No-MM_N1792,N/A,N/A,Oslo
No-MM_N1797,1914-09,instance,N/A
No-MM_N1802,1906-07,instance,N/A
No-MM_N1803,1906-07,instance,N/A
No-MM_N1805,1898%1898,fromTo,N/A
No-MM_N1806,1899,instance,N/A
No-MM_N1807,1899-04,instance,N/A
No-MM_N1808,1899-04,instance,N/A
No-MM_N1809,1899-04-22,instance,Firenze
No-MM_N1810,1899,instance,N/A
No-MM_N1811,1899.04%1899.05,fromTo,N/A
No-MM_N1812,1899,instance,N/A
No-MM_N1813,1899-05-25,instance,Paris
No-MM_N1814,1899-05-25,instance,Paris
No-MM_N1815,1899-05,instance,N/A
No-MM_N1816,1899-06,instance,N/A
No-MM_N1817,1899,instance,N/A
No-MM_N1818,1899,instance,N/A
No-MM_N1819,1899,instance,N/A
No-MM_N1820,1899,instance,N/A
No-MM_N1821,1899,instance,N/A
No-MM_N1823,1899-08,instance,N/A
No-MM_N1824,1899-09,instance,N/A
No-MM_N1825,1899-10,instance,N/A
No-MM_N1826,1899,instance,N/A
No-MM_N1827,1899,instance,N/A
No-MM_N1828,1899,instance,N/A
No-MM_N1829,1899,instance,N/A
No-MM_N1831,1899.11%1899.12,fromTo,N/A
No-MM_N1832,1899,instance,N/A
No-MM_N1833,1899,instance,N/A
No-MM_N1836,1899,instance,N/A
No-MM_N1837,1899,instance,N/A
No-MM_N1838,1899,instance,N/A
No-MM_N1839,1899,instance,N/A
No-MM_N1841,1900,instance,N/A
No-MM_N1842,1900,instance,N/A
No-MM_N1843,1899,instance,N/A
No-MM_N1845,1899,instance,N/A
No-MM_N1846,1899,instance,N/A
No-MM_N1847,1899,instance,N/A
No-MM_N1848,1899,instance,N/A
No-MM_N1849,1899,instance,N/A
No-MM_N1850,1899,instance,N/A
No-MM_N1851,1899-12,instance,N/A
No-MM_N1852,1899-12-15,instance,N/A
No-MM_N1853,1899-12,instance,N/A
No-MM_N1854,1899,instance,N/A
No-MM_N1855,1899,instance,N/A
No-MM_N1856,1899,instance,N/A
No-MM_N1858,1899,instance,N/A
No-MM_N1859,1899,instance,N/A
No-MM_N1860,1899.11%1899.12,fromTo,N/A
No-MM_N1861,1899,instance,N/A
No-MM_N1862,1899%1899,fromTo,N/A
No-MM_N1863,1899,instance,N/A
No-MM_N1864,1900,instance,N/A
No-MM_N1865,1900,instance,N/A
No-MM_N1866,1900,instance,N/A
No-MM_N1867,1899,instance,N/A
No-MM_N1868,1900,instance,N/A
No-MM_N1869,1900,instance,N/A
No-MM_N1870,1900,instance,N/A
No-MM_N1871,1900,instance,N/A
No-MM_N1872,1900,instance,N/A
No-MM_N1873,1900,instance,N/A
No-MM_N1874,1900,instance,N/A
No-MM_N1875,1900,instance,N/A
No-MM_N1876,1900,instance,N/A
No-MM_N1877,1900,instance,N/A
No-MM_N1878,1900,instance,N/A
No-MM_N1879,1900,instance,N/A
No-MM_N1880,1900,instance,N/A
No-MM_N1881,1900,instance,N/A
No-MM_N1882,1900,instance,N/A
No-MM_N1883,1900,instance,N/A
No-MM_N1884,1900,instance,N/A
No-MM_N1885,1900,instance,N/A
No-MM_N1886,1900,instance,N/A
No-MM_N1887,N/A,N/A,Oslo
No-MM_N1888,N/A,N/A,Oslo
No-MM_N1890,1910-12,instance,N/A
No-MM_N1897,1911-12,instance,N/A
No-MM_N1901,1909-02,instance,N/A
No-MM_N1904,1908-05,instance,N/A
No-MM_N1905,1907%1907,fromTo,N/A
No-MM_N1906,1907,instance,N/A
No-MM_N1908,N/A,N/A,København
No-MM_N1911,1907%1907,fromTo,N/A
No-MM_N1913,1902,instance,N/A
No-MM_N1914,1902.01%1902.02,fromTo,N/A
No-MM_N1915,1902-02,instance,N/A
No-MM_N1916,1902,instance,N/A
No-MM_N1917,1902,instance,N/A
No-MM_N1918,1902,instance,N/A
No-MM_N1919,1902,instance,N/A
No-MM_N1920,1902,instance,N/A
No-MM_N1921,1889,instance,N/A
No-MM_N1922,1890-03,instance,N/A
No-MM_N1925,1895%1895,fromTo,N/A
No-MM_N1928,1907,instance,N/A
No-MM_N1929,1907-03,instance,N/A
No-MM_N1931,1908-10,instance,N/A
No-MM_N1932,1907-03,instance,N/A
No-MM_N1936,N/A,N/A,Myrdal
No-MM_N1941,1908-09,instance,N/A
No-MM_N1942,1906-08,instance,N/A
No-MM_N1943,1906.07%1906.08,fromTo,N/A
No-MM_N1944,1906.07%1906.08,fromTo,N/A
No-MM_N1945,1906-08,instance,N/A
No-MM_N1947,1908-09,instance,N/A
No-MM_N1948,1910-12,instance,N/A
No-MM_N1949,1895.05%1895.06,fromTo,N/A
No-MM_N1951,1908-09,instance,N/A
No-MM_N1952,1905,instance,N/A
No-MM_N1962,1909-03,instance,N/A
No-MM_N1966,1909-02,instance,N/A
No-MM_N1967,1905,instance,N/A
No-MM_N1968,1900%1900,fromTo,N/A
No-MM_N1969,1908-09,instance,N/A
No-MM_N1970,N/A,N/A,Oslo
No-MM_N1972,1895-03-22,instance,Paris
No-MM_N1975,1927%1927,fromTo,N/A
No-MM_N1976,1929-02,instance,N/A
No-MM_N1984,N/A,N/A,Hvitsten
No-MM_N1994,N/A,N/A,Oslo
No-MM_N1995,N/A,N/A,København
No-MM_N1997,1905,instance,N/A
No-MM_N1998,1905-12,instance,N/A
No-MM_N2004,1920-10,instance,N/A
No-MM_N2010,1911-04,instance,N/A
No-MM_N2022,1931.10%1931.11,fromTo,N/A
No-MM_N2025,1902,instance,N/A
No-MM_N2027,1914-09,instance,N/A
No-MM_N2028,1910-06,instance,N/A
No-MM_N2029,1908-05,instance,N/A
No-MM_N2031,1908-06,instance,N/A
No-MM_N2033,1912-03,instance,N/A
No-MM_N2036,1909-12,instance,N/A
No-MM_N2039,1889-11-25,instance,Paris
No-MM_N2040,1896,instance,N/A
No-MM_N2042,1896,instance,N/A
No-MM_N2043,1901.12%1902.01,fromTo,N/A
No-MM_N2044,1896,instance,N/A
No-MM_N2045,1893%1893,fromTo,N/A
No-MM_N2050,1896,instance,N/A
No-MM_N2054,1907-11,instance,N/A
No-MM_N2057,1908,instance,N/A
No-MM_N2079,1909-03,instance,N/A
No-MM_N2080,1927.12%1928.01,fromTo,N/A
No-MM_N2086,1907%1907,fromTo,N/A
No-MM_N2089,1907,instance,N/A
No-MM_N2126,1906-10,instance,N/A
No-MM_N2163,N/A,N/A,Oslo
No-MM_N2173,N/A,N/A,Berlin
No-MM_N2176,1894.10%1894.11,fromTo,N/A
No-MM_N2177,1894.10%1894.11,fromTo,N/A
No-MM_N2178,1905-05,instance,N/A
No-MM_N2179,N/A,N/A,Danmark
No-MM_N2181,1897,instance,N/A
No-MM_N2182,1929-08,instance,N/A
No-MM_N2184,1905-02,instance,N/A
No-MM_N2186,1903-10,instance,N/A
No-MM_N2187,1906-05,instance,N/A
No-MM_N2188,1906-05,instance,N/A
No-MM_N2189,1929-02,instance,N/A
No-MM_N2190,1929-02,instance,N/A
No-MM_N2191,N/A,N/A,Oslo
No-MM_N2192,1929-02,instance,N/A
No-MM_N2194,1908-04,instance,N/A
No-MM_N2195,1908.03%1908.04,fromTo,N/A
No-MM_N2196,1908,instance,N/A
No-MM_N2197,1907,instance,N/A
No-MM_N2200,1902%1902,fromTo,N/A
No-MM_N2201,1906-01,instance,N/A
No-MM_N2204,1905.12%1906.01,fromTo,N/A
No-MM_N2208,N/A,N/A,Bad Elgersburg
No-MM_N2209,1905.12%1906.01,fromTo,N/A
No-MM_N2211,1905-08,instance,N/A
No-MM_N2212,N/A,N/A,Oslo
No-MM_N2214,1896-03,instance,N/A
No-MM_N2217,1927.08%1927.10,fromTo,N/A
No-MM_N2220,1930.02%1930.04,fromTo,N/A
No-MM_N2222,1929-06,instance,N/A
No-MM_N2224,1929-06,instance,N/A
No-MM_N2225,1929-06,instance,N/A
No-MM_N2226,N/A,N/A,Oslo
No-MM_N2229,N/A,N/A,Oslo
No-MM_N2232,1927-03,instance,N/A
No-MM_N2234,1930-02,instance,N/A
No-MM_N2235,1927-06,instance,N/A
No-MM_N2239,1927-10,instance,N/A
No-MM_N2248,1913-01,instance,N/A
No-MM_N2251,1892-02,instance,N/A
No-MM_N2254,1908-03,instance,N/A
No-MM_N2255,1912-02,instance,N/A
No-MM_N2256,1929-07,instance,N/A
No-MM_N2261,1929-08,instance,N/A
No-MM_N2262,1929-08,instance,N/A
No-MM_N2263,1908-11,instance,N/A
No-MM_N2267,N/A,N/A,Oslo
No-MM_N2268,1929-02,instance,N/A
No-MM_N2273,1929-02,instance,N/A
No-MM_N2277,1909-12,instance,N/A
No-MM_N2278,1913-09,instance,N/A
No-MM_N2279,1914-03,instance,N/A
No-MM_N2282,1896,instance,N/A
No-MM_N2283,1906-04,instance,N/A
No-MM_N2287,N/A,N/A,Åsgårdstrand
No-MM_N2288,1912-03,instance,N/A
No-MM_N2289,1913-03,instance,N/A
No-MM_N2291,1910-01,instance,N/A
No-MM_N2294,1906,instance,N/A
No-MM_N2295,1906-07,instance,N/A
No-MM_N2297,N/A,N/A,Bad Elgersburg
No-MM_N2299,N/A,N/A,Kragerø
No-MM_N2301,1912-08,instance,N/A
No-MM_N2302,1912.04%1912.05,fromTo,N/A
No-MM_N2304,1907,instance,N/A
No-MM_N2308,N/A,N/A,Berlin
No-MM_N2310,1930-08,instance,N/A
No-MM_N2311,1918-12,instance,N/A
No-MM_N2312,1930.02%1930.04,fromTo,N/A
No-MM_N2313,1930-08,instance,N/A
No-MM_N2315,N/A,N/A,Moss
No-MM_N2316,1921-10,instance,N/A
No-MM_N2317,N/A,N/A,Oslo
No-MM_N2318,1902-12,instance,N/A
No-MM_N2319,1902-12,instance,N/A
No-MM_N2320,N/A,N/A,Zürich
No-MM_N2326,1908-04,instance,N/A
No-MM_N2327,1908.11%1908.12,fromTo,N/A
No-MM_N2333,1903-01,instance,N/A
No-MM_N2339,1922-05,instance,N/A
No-MM_N2341,1909-11,instance,N/A
No-MM_N2344,1922-07,instance,N/A
No-MM_N2349,N/A,N/A,Oslo
No-MM_N2350,1930-09,instance,N/A
No-MM_N2353,1897-06-26,instance,Åsgårdstrand
No-MM_N2354,1897-11,instance,N/A
No-MM_N2355,1897.11%1897.12,fromTo,N/A
No-MM_N2357,1923-02,instance,N/A
No-MM_N2358,N/A,N/A,Oslo
No-MM_N2362,1924-05,instance,N/A
No-MM_N2365,N/A,N/A,Oslo
No-MM_N2369,1903-05,instance,Lübeck
No-MM_N2370,1903.04%1903.05,fromTo,N/A
No-MM_N2372,1903.04%1903.05,fromTo,N/A
No-MM_N2381,1903-05,instance,N/A
No-MM_N2383,N/A,N/A,Åsgårdstrand
No-MM_N2388,1911-02,instance,N/A
No-MM_N2395,N/A,N/A,Oslo
No-MM_N2396,1894-04-02,instance,N/A
No-MM_N2397,1913-09,instance,N/A
No-MM_N2399,1895-07-26,instance,Oslo
No-MM_N2400,1895-07-27,instance,Oslo
No-MM_N2404,1921%1921,fromTo,N/A
No-MM_N2405,1929-01,instance,N/A
No-MM_N2406,1929-07,instance,Oslo
No-MM_N2407,1929-07,instance,N/A
No-MM_N2410,N/A,N/A,Oslo
No-MM_N2411,1918-12,instance,N/A
No-MM_N2412,1918-12,instance,N/A
No-MM_N2413,1918-12,instance,N/A
No-MM_N2414,1918-12,instance,N/A
No-MM_N2415,1918%1918,fromTo,N/A
No-MM_N2416,1919-01,instance,N/A
No-MM_N2417,1923-12,instance,N/A
No-MM_N2420,1896-06,instance,N/A
No-MM_N2423,1928.11%1928.12,fromTo,N/A
No-MM_N2425,N/A,N/A,Oslo
No-MM_N2433,1926-11,instance,N/A
No-MM_N2436,N/A,N/A,Oslo
No-MM_N2437,1902-12,instance,N/A
No-MM_N2438,1906.12%1907.01,fromTo,Saaleck
No-MM_N2439,1906-12,instance,N/A
No-MM_N2441,1911.06%1911.07,fromTo,N/A
No-MM_N2445,1907-04,instance,N/A
No-MM_N2447,1906-12,instance,N/A
No-MM_N2448,1906-03,instance,N/A
No-MM_N2449,1906-03,instance,N/A
No-MM_N2450,1906-08,instance,N/A
No-MM_N2451,1906-07,instance,N/A
No-MM_N2452,1912-01,instance,N/A
No-MM_N2453,N/A,N/A,Moss
No-MM_N2454,1913-11,instance,N/A
No-MM_N2455,1914.03%1914.04,fromTo,N/A
No-MM_N2456,1913-11,instance,N/A
No-MM_N2457,1926-01,instance,N/A
No-MM_N2459,1926-01,instance,N/A
No-MM_N2460,1926-01,instance,N/A
No-MM_N2461,1926-01,instance,N/A
No-MM_N2462,1926-04,instance,N/A
No-MM_N2465,1924-12,instance,N/A
No-MM_N2466,1924-02,instance,N/A
No-MM_N2467,1926-04,instance,N/A
No-MM_N2468,1929-04,instance,N/A
No-MM_N2470,1929-08,instance,N/A
No-MM_N2471,1906-03,instance,N/A
No-MM_N2477,1926-11,instance,N/A
No-MM_N2478,1926-11,instance,N/A
No-MM_N2479,1926-11,instance,N/A
No-MM_N2482,1928-06,instance,N/A
No-MM_N2484,N/A,N/A,Hvitsten
No-MM_N2485,1924-02,instance,N/A
No-MM_N2486,1924-02,instance,N/A
No-MM_N2487,1918-12,instance,N/A
No-MM_N2490,1930-02,instance,N/A
No-MM_N2491,1930-02,instance,N/A
No-MM_N2492,1930-02,instance,N/A
No-MM_N2493,1930-02,instance,N/A
No-MM_N2494,1930-02,instance,N/A
No-MM_N2495,1930-02,instance,N/A
No-MM_N2496,1930-02,instance,N/A
No-MM_N2497,1930-02,instance,N/A
No-MM_N2499,N/A,N/A,Oslo
No-MM_N2503,1923-02,instance,N/A
No-MM_N2504,1923-02,instance,N/A
No-MM_N2508,1920-06,instance,N/A
No-MM_N2509,1929-06,instance,N/A
No-MM_N2510,N/A,N/A,Oslo
No-MM_N2514,1930-02,instance,N/A
No-MM_N2515,N/A,N/A,Bad Kösen
No-MM_N2519,N/A,N/A,København
No-MM_N2527,N/A,N/A,Tårup
No-MM_N2532,N/A,N/A,Bad Kösen
No-MM_N2533,1913-10,instance,N/A
No-MM_N2534,N/A,N/A,Oslo
No-MM_N2535,1931.01%1931.02,fromTo,N/A
No-MM_N2537,1929-11,instance,N/A
No-MM_N2538,1931-12,instance,N/A
No-MM_N2539,1932-08,instance,N/A
No-MM_N2540,N/A,N/A,Oslo
No-MM_N2548,N/A,N/A,Oslo
No-MM_N2557,1906-05,instance,N/A
No-MM_N2558,N/A,N/A,Bad Kösen
No-MM_N2559,N/A,N/A,Bad Kösen
No-MM_N2561,1906-11,instance,N/A
No-MM_N2562,N/A,N/A,Bad Kösen
No-MM_N2563,1906-05,instance,N/A
No-MM_N2564,1906,instance,N/A
No-MM_N2567,1906,instance,N/A
No-MM_N2568,N/A,N/A,Bad Kösen
No-MM_N2569,N/A,N/A,Bad Kösen
No-MM_N2575,N/A,N/A,Bad Kösen
No-MM_N2588,N/A,N/A,Bad Nauheim
No-MM_N2594,1926-08,instance,N/A
No-MM_N2595,1926-08,instance,N/A
No-MM_N2596,N/A,N/A,Oslo
No-MM_N2597,N/A,N/A,Bad Nauheim
No-MM_N2601,N/A,N/A,Bad Kösen
No-MM_N2602,N/A,N/A,Oslo
No-MM_N2608,N/A,N/A,Oslo
No-MM_N2611,1926-04,instance,Oslo
No-MM_N2612,1927%1927,fromTo,N/A
No-MM_N2614,N/A,N/A,Oslo
No-MM_N2621,1928-02,instance,N/A
No-MM_N2625,1929-10,instance,N/A
No-MM_N2627,1929-08,instance,N/A
No-MM_N2629,N/A,N/A,Oslo
No-MM_N2632,N/A,N/A,Oslo
No-MM_N2637,1927-06,instance,N/A
No-MM_N2644,1929-08,instance,N/A
No-MM_N2648,1929-08,instance,N/A
No-MM_N2649,1926,instance,N/A
No-MM_N2650,1929-08,instance,N/A
No-MM_N2651,1929-08,instance,N/A
No-MM_N2659,1909-04,instance,N/A
No-MM_N2663,1919-10,instance,N/A
No-MM_N2664,1897-02-11,instance,Paris
No-MM_N2665,N/A,N/A,Oslo
No-MM_N2671,1929-08,instance,N/A
No-MM_N2674,1913-02,instance,N/A
No-MM_N2694,1910-09,instance,N/A
No-MM_N2701,1930-02,instance,N/A
No-MM_N2702,1930-02,instance,N/A
No-MM_N2703,1930-02,instance,N/A
No-MM_N2704,1930-02,instance,N/A
No-MM_N2705,1930-02,instance,N/A
No-MM_N2707,1926-11,instance,N/A
No-MM_N2715,1911-02,instance,N/A
No-MM_N2719,N/A,N/A,Oslo
No-MM_N2723,1927-01,instance,N/A
No-MM_N2724,N/A,N/A,Oslo
No-MM_N2725,1911-02,instance,N/A
No-MM_N2729,1924-12,instance,N/A
No-MM_N2731,1929-08,instance,N/A
No-MM_N2732,1929-11,instance,N/A
No-MM_N2737,1925-06,instance,N/A
No-MM_N2739,N/A,N/A,Moss
No-MM_N2741,1913-06,instance,N/A
No-MM_N2746,N/A,N/A,Bad Kösen
No-MM_N2747,1913-06,instance,N/A
No-MM_N2750,N/A,N/A,Oslo
No-MM_N2752,1926-06,instance,N/A
No-MM_N2753,N/A,N/A,Kragerø
No-MM_N2754,1905,instance,N/A
No-MM_N2755,1892.11%1892.12,fromTo,N/A
No-MM_N2757,1896-12-20,instance,Paris
No-MM_N2760,1914,instance,N/A
No-MM_N2761,1906-09,instance,N/A
No-MM_N2770,1908-06,instance,Warnemünde
No-MM_N2775,1913-08,instance,N/A
No-MM_N2778,1931-12,instance,N/A
No-MM_N2780,N/A,N/A,København
No-MM_N2782,1926-11,instance,N/A
No-MM_N2789,1895-01,instance,N/A
No-MM_N2793,N/A,N/A,Oslo
No-MM_N2794,N/A,N/A,Oslo
No-MM_N2800,N/A,N/A,Oslo
No-MM_N2801,N/A,N/A,Berlin
No-MM_N2802,N/A,N/A,Berlin
No-MM_N2808,N/A,N/A,Åsgårdstrand
No-MM_N2811,N/A,N/A,Oslo
No-MM_N2814,N/A,N/A,Åsgårdstrand
No-MM_N2815,N/A,N/A,Åsgårdstrand
No-MM_N2816,N/A,N/A,Berlin
No-MM_N2817,N/A,N/A,Lübeck
No-MM_N2820,N/A,N/A,Lübeck
No-MM_N2821,N/A,N/A,Hamburg
No-MM_N2827,N/A,N/A,Berlin
No-MM_N2832,N/A,N/A,Åsgårdstrand
No-MM_N2835,N/A,N/A,Chemnitz
No-MM_N2836,N/A,N/A,Bad Elgersburg
No-MM_N2837,1893-03-04,instance,N/A
No-MM_N2847,N/A,N/A,Berlin
No-MM_N2849,N/A,N/A,Berlin
No-MM_N2853,N/A,N/A,Berlin
No-MM_N2856,N/A,N/A,København
No-MM_N2857,N/A,N/A,København
No-MM_N2858,N/A,N/A,Warnemünde
No-MM_N2863,N/A,N/A,København
No-MM_N2866,N/A,N/A,København
No-MM_N2868,N/A,N/A,København
No-MM_N2883,N/A,N/A,Hvitsten
No-MM_N2891,1913-07,instance,N/A
No-MM_N2905,N/A,N/A,Oslo
No-MM_N2917,N/A,N/A,Oslo
No-MM_N2922,1913-03,instance,N/A
No-MM_N2923,1922.04%1922.05,fromTo,N/A
No-MM_N2924,1927-06,instance,N/A
No-MM_N2925,1927-06,instance,N/A
No-MM_N2931,1920-07,instance,Oslo
No-MM_N2933,N/A,N/A,Oslo
No-MM_N2934,1912-12,instance,N/A
No-MM_N2949,N/A,N/A,Oslo
No-MM_N2950,N/A,N/A,Oslo
No-MM_N2955,N/A,N/A,Oslo
No-MM_N2956,N/A,N/A,Oslo
No-MM_N2962,N/A,N/A,Oslo
No-MM_N2967,N/A,N/A,Oslo
No-MM_N2968,N/A,N/A,Oslo
No-MM_N2977,1916%1916,fromTo,N/A
No-MM_N2981,1916-12,instance,N/A
No-MM_N2982,1916%1916,fromTo,N/A
No-MM_N2983,1916%1916,fromTo,N/A
No-MM_N2984,1916%1916,fromTo,N/A
No-MM_N2985,1916%1916,fromTo,N/A
No-MM_N3004,N/A,N/A,Lübeck
No-MM_N3006,N/A,N/A,Oslo
No-MM_N3010,1905-12,instance,N/A
No-MM_N3014,N/A,N/A,Warnemünde
No-MM_N3016,1912-05,instance,N/A
No-MM_N3018,N/A,N/A,Oslo
No-MM_N3020,N/A,N/A,Oslo
No-MM_N3021,N/A,N/A,Oslo
No-MM_N3023,1908-05,instance,N/A
No-MM_N3024,N/A,N/A,København
No-MM_N3030,1908-05,instance,N/A
No-MM_N3032,N/A,N/A,Oslo
No-MM_N3034,1892-02-20,instance,Nice
No-MM_N3035,1891-01-22,instance,Nice
No-MM_N3036,1892-02-08,instance,Nice
No-MM_N3037,1892-03-05,instance,Nice
No-MM_N3038,1892-04-01,instance,N/A
No-MM_N3039,1892,instance,N/A
No-MM_N3040,1892-07,instance,N/A
No-MM_N3041,1892.06%1892.07,fromTo,N/A
No-MM_N3042,1899-11-24,instance,N/A
No-MM_N3044,1902,instance,N/A
No-MM_N3048,1906-01,instance,N/A
No-MM_N3049,1906.01%1906.02,fromTo,N/A
No-MM_N3052,N/A,N/A,Lübeck
No-MM_N3053,1908-03,instance,N/A
No-MM_N3064,N/A,N/A,Kragerø
No-MM_N3065,1909.05%1909.06,fromTo,N/A
No-MM_N3068,1912-05,instance,N/A
No-MM_N3069,1913-12,instance,N/A
No-MM_N3072,1915-05,instance,N/A
No-MM_N3073,1913-06,instance,N/A
No-MM_N3076,N/A,N/A,Oslo
No-MM_N3077,N/A,N/A,Oslo
No-MM_N3079,N/A,N/A,Åsgårdstrand
No-MM_N3080,N/A,N/A,Åsgårdstrand
No-MM_N3081,N/A,N/A,Åsgårdstrand
No-MM_N3082,1905-02,instance,N/A
No-MM_N3084,1905-12,instance,Bad Elgersburg
No-MM_N3085,1906-10,instance,Bad Kösen
No-MM_N3088,1908-11,instance,N/A
No-MM_N3089,1909-04,instance,N/A
No-MM_N3090,1909-04,instance,N/A
No-MM_N3091,1909-12,instance,N/A
No-MM_N3092,1909.12%1910.01,fromTo,N/A
No-MM_N3094,1912-02,instance,N/A
No-MM_N3096,1912.01%1912.02,fromTo,N/A
No-MM_N3097,1912-04,instance,N/A
No-MM_N3100,1927-10,instance,N/A
No-MM_N3101,N/A,N/A,Åsgårdstrand
No-MM_N3102,N/A,N/A,Åsgårdstrand
No-MM_N3121,1932-01,instance,N/A
No-MM_N3124,N/A,N/A,Oslo
No-MM_N3125,N/A,N/A,Oslo
No-MM_N3128,N/A,N/A,Oslo
No-MM_N3138,N/A,N/A,Paris
No-MM_N3139,N/A,N/A,København
No-MM_N3142,N/A,N/A,København
No-MM_N3145,N/A,N/A,Bad Kösen
No-MM_N3149,N/A,N/A,Bad Elgersburg
No-MM_N3151,N/A,N/A,Åsgårdstrand
No-MM_N3159,N/A,N/A,Hamburg
No-MM_N3161,N/A,N/A,Praha
No-MM_N3162,N/A,N/A,Lübeck
No-MM_N3166,N/A,N/A,Kragerø
No-MM_N3167,N/A,N/A,Kragerø
No-MM_N3170,N/A,N/A,Hvitsten
No-MM_N3171,1911-09,instance,Hvitsten
No-MM_N3172,N/A,N/A,Lübeck
No-MM_N3175,N/A,N/A,Lübeck
No-MM_N3176,N/A,N/A,Åsgårdstrand
No-MM_N3184,N/A,N/A,Hvitsten
No-MM_N3189,N/A,N/A,Åsgårdstrand
No-MM_N3192,N/A,N/A,Åsgårdstrand
No-MM_N3194,N/A,N/A,Åsgårdstrand
No-MM_N3196,N/A,N/A,Hvitsten
No-MM_N3203,N/A,N/A,Hvitsten
No-MM_N3205,N/A,N/A,Paris
No-MM_N3206,N/A,N/A,Paris
No-MM_N3210,N/A,N/A,Berlin
No-MM_N3214,1912-12,instance,N/A
No-MM_N3220,N/A,N/A,Berlin
No-MM_N3221,1913-02,instance,N/A
No-MM_N3222,N/A,N/A,Kragerø
No-MM_N3231,1913-06,instance,N/A
No-MM_N3232,N/A,N/A,Kragerø
No-MM_N3235,N/A,N/A,Halden
No-MM_N3236,1909-12,instance,N/A
No-MM_N3238,1914-06,instance,N/A
No-MM_N3240,1914-12,instance,N/A
No-MM_N3241,1915-05,instance,N/A
No-MM_N3242,1916%1916,fromTo,N/A
No-MM_N3243,1915-02,instance,N/A
No-MM_N3246,N/A,N/A,Åsgårdstrand
No-MM_N3251,N/A,N/A,Oslo
No-MM_N3259,N/A,N/A,København
No-MM_N3262,1909-05,instance,N/A
No-MM_N3265,N/A,N/A,Kragerø
No-MM_N3270,1910.05%1910.06,fromTo,N/A
No-MM_N3272,1909-05,instance,Kragerø
No-MM_N3273,1915-04,instance,Kragerø
No-MM_N3274,1909-12,instance,N/A
No-MM_N3277,N/A,N/A,Oslo
No-MM_N3291,N/A,N/A,Oslo
No-MM_N3298,N/A,N/A,Oslo
No-MM_N3299,N/A,N/A,Oslo
No-MM_N3300,N/A,N/A,Oslo
No-MM_N3303,N/A,N/A,Oslo
No-MM_N3304,N/A,N/A,Oslo
No-MM_N3305,N/A,N/A,Oslo
No-MM_N3307,N/A,N/A,Oslo
No-MM_N3308,1912-02,instance,N/A
No-MM_N3316,1894,instance,N/A
No-MM_N3317,1895-03,instance,N/A
No-MM_N3318,1896-04-09,instance,Paris
No-MM_N3319,N/A,N/A,Oslo
No-MM_N3320,N/A,N/A,Oslo
No-MM_N3321,N/A,N/A,Oslo
No-MM_N3322,N/A,N/A,København
No-MM_N3325,1894-09-15,instance,N/A
No-MM_N3328,1929.08%1929.09,fromTo,N/A
No-MM_N3329,N/A,N/A,Oslo
No-MM_N3330,N/A,N/A,Oslo
No-MM_N3332,N/A,N/A,Bad Kösen
No-MM_N3333,1906.07%1906.08,fromTo,Ilmenau
No-MM_N3335,1906-10,instance,N/A
No-MM_N3336,1906.12%1907.01,fromTo,N/A
No-MM_N3338,N/A,N/A,Bad Kösen
No-MM_N3339,N/A,N/A,Bad Kösen
No-MM_N3343,N/A,N/A,Oslo
No-MM_N3344,1908,instance,N/A
No-MM_N3346,1928-02,instance,Oslo
No-MM_N3347,N/A,N/A,Oslo
No-MM_N3348,1927-10,instance,N/A
No-MM_N3349,1923-10,instance,N/A
No-MM_N3350,1923-10,instance,N/A
No-MM_N3353,1900-12,instance,N/A
No-MM_N3356,N/A,N/A,Oslo
No-MM_N3360,1906-05,instance,N/A
No-MM_N3362,N/A,N/A,Bad Kösen
No-MM_N3369,N/A,N/A,Oslo
No-MM_N3371,1925-12,instance,N/A
No-MM_N3375,1904-03,instance,N/A
No-MM_N3376,1932-02,instance,N/A
No-MM_N3377,N/A,N/A,Oslo
No-MM_N3379,1929-08,instance,N/A
No-MM_N3380,1929-08,instance,N/A
No-MM_N3381,N/A,N/A,Oslo
No-MM_N3384,N/A,N/A,Oslo
No-MM_N3385,N/A,N/A,Oslo
No-MM_N3386,N/A,N/A,Oslo
No-MM_N3387,N/A,N/A,Oslo
No-MM_N3388,N/A,N/A,Oslo
No-MM_N3390,N/A,N/A,Wiesbaden
No-MM_N3391,N/A,N/A,Oslo
No-MM_N3396,1927-01,instance,N/A
No-MM_N3397,1927-10,instance,N/A
No-MM_N3399,1896-04,instance,N/A
No-MM_N3400,1896%1896,fromTo,N/A
No-MM_N3402,N/A,N/A,Oslo
No-MM_N3410,1910.05%1910.06,fromTo,N/A
No-MM_N3411,1910.05%1910.06,fromTo,N/A
No-MM_N3413,1897-08-02,instance,N/A
No-MM_N3414,1897,instance,N/A
No-MM_N3416,1898-07,instance,N/A
No-MM_N3418,N/A,N/A,Moss
No-MM_N3420,1904-05,instance,N/A
No-MM_N3421,1922-04,instance,N/A
No-MM_N3422,N/A,N/A,Oslo
No-MM_N3426,1926-11,instance,N/A
No-MM_N3427,1925.06%1925.07,fromTo,N/A
No-MM_N3428,N/A,N/A,Oslo
No-MM_N3429,1913-11,instance,N/A
No-MM_N3430,1921-01,instance,N/A
No-MM_N3431,1922-08,instance,N/A
No-MM_N3433,1926-11,instance,N/A
No-MM_N3434,1926-11,instance,N/A
No-MM_N3435,1926-11,instance,N/A
No-MM_N3436,1926-11,instance,N/A
No-MM_N3444,N/A,N/A,Oslo
No-MM_N3446,N/A,N/A,Oslo
No-MM_N3447,1927-04,instance,N/A
No-MM_N3449,1927.05%1927.06,fromTo,N/A
No-MM_N3450,N/A,N/A,Oslo
No-MM_N3451,1917.06%1917.07,fromTo,N/A
No-MM_N3453,N/A,N/A,Oslo
No-MM_N3454,N/A,N/A,Kragerø
No-MM_N3456,1926-11,instance,N/A
No-MM_N3457,N/A,N/A,Oslo
No-MM_N3458,1927-06,instance,N/A
No-MM_N3461,1902-02,instance,N/A
No-MM_N3463,N/A,N/A,Bad Kösen
No-MM_N3465,1927-10,instance,N/A
No-MM_N3466,1927-10,instance,N/A
No-MM_N3471,1906-05,instance,N/A
No-MM_N3472,1906-11,instance,N/A
No-MM_N3475,1926-10,instance,N/A
No-MM_N3478,1925-05,instance,Oslo
No-MM_N3481,1927-01,instance,N/A
No-MM_N3482,1927-01,instance,N/A
No-MM_N3484,1929-01,instance,N/A
No-MM_N3489,1893.02%1893.03,fromTo,N/A
No-MM_N3490,1892-12,instance,N/A
No-MM_N3492,N/A,N/A,Vestre Aker
No-MM_N3493,1890-12-22,instance,Le Havre
No-MM_N3495,1906.12%1907.01,fromTo,Bad Kösen
No-MM_N3496,1925-08,instance,N/A
No-MM_N3500,1929-02,instance,N/A
No-MM_N3502,N/A,N/A,Oslo
No-MM_N3503,N/A,N/A,Oslo
No-MM_N3510,1882-06,instance,N/A
No-MM_N3511,1884-02,instance,N/A
No-MM_N3514,N/A,N/A,Kragerø
No-MM_N3515,1914-03,instance,N/A
No-MM_N3516,N/A,N/A,Nice
No-MM_N3527,N/A,N/A,Göteborg
No-MM_N3542,N/A,N/A,Oslo
No-MM_N3550,N/A,N/A,Oslo
No-MM_N3551,N/A,N/A,Vestre Aker
No-MM_N3552,N/A,N/A,Oslo
No-MM_N3553,N/A,N/A,Vestre Aker
No-MM_N3557,N/A,N/A,Oslo
No-MM_N3558,N/A,N/A,Oslo
No-MM_N3564,N/A,N/A,Oslo
No-MM_N3569,N/A,N/A,Oslo
No-MM_N3570,N/A,N/A,Oslo
No-MM_N3572,N/A,N/A,Oslo
No-MM_N3574,N/A,N/A,Oslo
No-MM_N3577,N/A,N/A,Oslo
No-MM_N3638,N/A,N/A,Vestre Aker
No-MM_N3639,N/A,N/A,Oslo
No-MM_N3640,N/A,N/A,Oslo
No-MM_N3642,N/A,N/A,Oslo
No-MM_N3644,1886-10-04,instance,Oslo
No-MM_N3646,N/A,N/A,Oslo
No-MM_N3648,1930-08,instance,N/A
No-MM_N3649,1893.07%1893.08,fromTo,N/A
No-MM_N3655,N/A,N/A,Oslo
No-MM_N3661,N/A,N/A,Oslo
No-MM_N3662,N/A,N/A,Oslo
No-MM_N3663,1892-12,instance,N/A
No-MM_N3664,1892-01-02,instance,Nice
No-MM_N3665,1887-09-30,instance,Oslo
No-MM_N3666,1891-02,instance,N/A
No-MM_N3667,1891-02-03,instance,Nice
No-MM_N3668,N/A,N/A,Oslo
No-MM_N3669,N/A,N/A,Oslo
No-MM_N3671,1908-05,instance,N/A
No-MM_N3672,1929-02,instance,N/A
No-MM_N3678,1889-06,instance,N/A
No-MM_N3679,1893-03-16,instance,Berlin
No-MM_N3685,1891-04,instance,N/A
No-MM_N3712,1930-04,instance,N/A
No-MM_N3752,1931-06,instance,N/A
No-MM_N3786,1922-02,instance,N/A
No-MM_T2810,1890-01-24,instance,N/A
No-MM_T2899,1892.02%1892.03,fromTo,N/A
PN0006,N/A,N/A,Oslo
PN0013,1909-03,instance,N/A
PN0017,1893,instance,N/A
PN0018,1893-12-05,instance,N/A
PN0019,1893.11%1894.02,fromTo,N/A
PN0020,1893-02-08,instance,N/A
PN0021,1893-05,instance,N/A
PN0022,1898-03,instance,N/A
PN0023,1898-03,instance,N/A
PN0024,1898-03,instance,N/A
PN0033,1897-07,instance,N/A
PN0036,1907-01,instance,N/A
PN0041,1928,instance,N/A
PN0043,1895-07-23,instance,N/A
PN0044,1897-08-22,instance,N/A
PN0045,1896%1896,fromTo,N/A
PN0046,1897-11,instance,N/A
PN0059,1905-12,instance,N/A
PN0062,1906-01,instance,N/A
PN0063,1906.01%1906.02,fromTo,N/A
PN0064,1906.01%1906.02,fromTo,N/A
PN0065,1906.01%1906.02,fromTo,N/A
PN0066,1906.01%1906.02,fromTo,N/A
PN0067,1906.01%1906.02,fromTo,N/A
PN0068,1906.01%1906.02,fromTo,N/A
PN0069,1906.01%1906.02,fromTo,N/A
PN0071,1906,instance,N/A
PN0072,1906-02,instance,N/A
PN0073,1906,instance,N/A
PN0074,1906-05,instance,N/A
PN0075,1906-07,instance,N/A
PN0076,1906-06,instance,N/A
PN0077,1906.07%1906.08,fromTo,N/A
PN0081,1906,instance,N/A
PN0082,1906.11%1906.12,fromTo,N/A
PN0083,1906-12,instance,N/A
PN0091,1908-05,instance,N/A
PN0092,1931.01%1931.02,fromTo,N/A
PN0093,1931-01,instance,N/A
PN0094,1931-01,instance,N/A
PN0097,1931-02,instance,N/A
PN0141,1903-03,instance,N/A
PN0143,1903-06,instance,N/A
PN0148,1905-07,instance,N/A
PN0152,1906-04,instance,N/A
PN0153,1906-04,instance,N/A
PN0184,1901.11%1901.12,fromTo,N/A
PN0185,N/A,N/A,Berlin
PN0186,N/A,N/A,Berlin
PN0187,N/A,N/A,Berlin
PN0188,1901.11%1901.12,fromTo,N/A
PN0189,N/A,N/A,Bad Elgersburg
PN0190,1901.10%1901.11,fromTo,N/A
PN0191,N/A,N/A,Åsgårdstrand
PN0192,1912.01%1912.02,fromTo,N/A
PN0193,1895-07-15,instance,N/A
PN0195,1888-08-06,instance,N/A
PN0202,1922.11%1922.12,fromTo,N/A
PN0203,1896-01,instance,N/A
PN0205,1911-10,instance,N/A
PN0209,1896-06,instance,N/A
PN0210,1896-03-31,instance,N/A
PN0211,1890-11-21,instance,N/A
PN0223,N/A,N/A,Oslo
PN0224,N/A,N/A,Oslo
PN0228,N/A,N/A,Oslo
PN0229,N/A,N/A,Oslo
PN0232,N/A,N/A,Oslo
PN0233,N/A,N/A,Oslo
PN0235,N/A,N/A,Oslo
PN0238,N/A,N/A,Oslo
PN0239,N/A,N/A,Oslo
PN0240,N/A,N/A,Oslo
PN0243,N/A,N/A,Oslo
PN0244,N/A,N/A,Oslo
PN0245,N/A,N/A,Oslo
PN0246,N/A,N/A,Oslo
PN0247,N/A,N/A,Oslo
PN0250,N/A,N/A,Oslo
PN0251,1914-03,instance,N/A
PN0252,1909-11,instance,N/A
PN0254,1909-12,instance,N/A
PN0256,N/A,N/A,Oslo
PN0259,N/A,N/A,Oslo
PN0261,1905-02,instance,N/A
PN0262,1902-04,instance,N/A
PN0263,1892-09-13,instance,N/A
PN0264,1892-11-11,instance,Berlin
PN0265,1892-11-16,instance,N/A
PN0266,1896-06-29,instance,Paris
PN0267,1896-07-25,instance,Paris
PN0268,1896-08-07,instance,N/A
PN0269,N/A,N/A,Bad Kösen
PN0271,1913-01,instance,N/A
PN0275,1898-07,instance,N/A
PN0276,1895-03-28,instance,N/A
PN0282,1905-01,instance,N/A
PN0284,1892-06,instance,N/A
PN0285,1892-07-20,instance,N/A
PN0287,1902.08%1902.09,fromTo,N/A
PN0289,N/A,N/A,Åsgårdstrand
PN0291,1927-10,instance,N/A
PN0297,1895-05-14,instance,N/A
PN0298,N/A,N/A,Oslo
PN0303,1884-12-14,instance,Oslo
PN0304,1909-02,instance,N/A
PN0305,N/A,N/A,Oslo
PN0308,1902.09%1902.10,fromTo,N/A
PN0309,N/A,N/A,Oslo
PN0310,N/A,N/A,Oslo
PN0315,1918.05%1918.06,fromTo,N/A
PN0316,1922-12,instance,N/A
PN0318,N/A,N/A,Oslo
PN0320,N/A,N/A,Oslo
PN0323,N/A,N/A,Oslo
PN0325,N/A,N/A,Oslo
PN0326,N/A,N/A,Oslo
PN0328,1908-11,instance,N/A
PN0332,N/A,N/A,Oslo
PN0340,1903-08,instance,N/A
PN0341,1903-10,instance,N/A
PN0343,1903-11,instance,N/A
PN0344,1903-11,instance,N/A
PN0347,1904.02.01%1904.02.02,fromTo,N/A
PN0348,1904-02,instance,N/A
PN0349,1904-03,instance,N/A
PN0354,1904-05,instance,N/A
PN0356,1904-05,instance,N/A
PN0364,1905-01,instance,N/A
PN0367,1905-03,instance,N/A
PN0368,1905-04,instance,N/A
PN0369,1905.04%1905.05,fromTo,N/A
PN0370,1905.05%1905.06,fromTo,N/A
PN0371,1905-07,instance,N/A
PN0381,1906-01,instance,N/A
PN0382,1906-01,instance,N/A
PN0383,1906-01,instance,N/A
PN0384,1906-02,instance,N/A
PN0385,1906.01%1906.02,fromTo,N/A
PN0388,1906.01%1906.02,fromTo,N/A
PN0394,1906-03,instance,N/A
PN0396,1906-03,instance,N/A
PN0397,1906-04,instance,N/A
PN0400,1906-05,instance,N/A
PN0401,1906-05,instance,N/A
PN0402,1906-05,instance,N/A
PN0403,1906.05%1906.06,fromTo,N/A
PN0405,1906-06,instance,N/A
PN0407,1906-07,instance,N/A
PN0413,1906-09,instance,N/A
PN0416,1906-10,instance,N/A
PN0419,1906-11,instance,N/A
PN0420,1905-12,instance,N/A
PN0422,1906-12,instance,N/A
PN0423,1906-12,instance,N/A
PN0424,1906-12,instance,N/A
PN0426,1906-12,instance,N/A
PN0429,1907-01,instance,N/A
PN0431,1907-01,instance,N/A
PN0432,1907-01,instance,N/A
PN0434,1907-03,instance,N/A
PN0435,1907-03,instance,N/A
PN0437,1907-04,instance,N/A
PN0439,1907-04,instance,N/A
PN0440,1907-04,instance,N/A
PN0447,1907-08,instance,N/A
PN0476,1908-05,instance,N/A
PN0477,1908-06,instance,N/A
PN0481,1908-08,instance,N/A
PN0483,1908.08%1908.09,fromTo,N/A
PN0485,1908-09,instance,N/A
PN0486,1908-10,instance,N/A
PN0487,1908-10,instance,N/A
PN0488,1908-10,instance,N/A
PN0497,1908-12,instance,N/A
PN0499,1908.11%1908.12,fromTo,N/A
PN0502,1907-10,instance,N/A
PN0506,1908-12,instance,N/A
PN0508,1908-12,instance,N/A
PN0515,1909-01,instance,N/A
PN0516,1909-01,instance,N/A
PN0517,1909-01,instance,N/A
PN0518,1909.01.31%1909.02.01,fromTo,N/A
PN0520,1909-02,instance,N/A
PN0526,1909-05,instance,N/A
PN0540,1910-03,instance,N/A
PN0553,1911-02,instance,N/A
PN0556,1911-09,instance,N/A
PN0567,1912-01,instance,N/A
PN0568,1912-01,instance,N/A
PN0569,1912-01,instance,N/A
PN0572,1912-05,instance,N/A
PN0579,1912,instance,N/A
PN0583,1912.12.26%1912.12.27,fromTo,N/A
PN0584,1913-02,instance,N/A
PN0590,1913-11,instance,N/A
PN0591,1913-12,instance,N/A
PN0592,1913-12,instance,N/A
PN0593,1914-02,instance,N/A
PN0597,1914-09,instance,N/A
PN0599,1914-12,instance,N/A
PN0600,1915-01,instance,N/A
PN0605,1915-01,instance,N/A
PN0606,1915-06,instance,N/A
PN0607,1915-06,instance,N/A
PN0610,1916.05%1916.06,fromTo,N/A
PN0611,1917-01,instance,N/A
PN0615,1920-05,instance,N/A
PN0616,1920-07,instance,N/A
PN0618,1920-08,instance,N/A
PN0620,1922.01%1922.02,fromTo,N/A
PN0625,1922-08,instance,N/A
PN0630,1923-02,instance,N/A
PN0634,1923-11,instance,N/A
PN0636,1924-12,instance,N/A
PN0643,1926-01,instance,N/A
PN0649,1926-11,instance,N/A
PN0654,1927-02,instance,N/A
PN0658,1927-12,instance,N/A
PN0659,1927-12,instance,N/A
PN0661,1927.12%1928.01,fromTo,N/A
PN0665,1928.04%1928.05,fromTo,N/A
PN0667,1928-06,instance,N/A
PN0671,1928-12,instance,N/A
PN0672,1929-02,instance,N/A
PN0674,1929-04,instance,N/A
PN0675,1929-05,instance,N/A
PN0676,1929-06,instance,N/A
PN0677,1929-06,instance,N/A
PN0679,1929-07,instance,N/A
PN0680,1929-07,instance,N/A
PN0682,1929-11,instance,N/A
PN0688,1931-10,instance,N/A
PN0690,1932-01,instance,N/A
PN0709,N/A,N/A,København
PN0710,N/A,N/A,København
PN0711,N/A,N/A,København
PN0712,N/A,N/A,København
PN0717,N/A,N/A,København
PN0723,N/A,N/A,København
PN0726,N/A,N/A,København
PN0737,N/A,N/A,Paris
PN0742,N/A,N/A,Paris
PN0743,N/A,N/A,Verdun
PN0753,1909-04,instance,N/A
PN0756,N/A,N/A,Oslo
PN0760,N/A,N/A,Oslo
PN0761,1906-04,instance,N/A
PN0763,1913-12,instance,N/A
PN0765,1904-02,instance,N/A
PN0766,1903-07,instance,Åsgårdstrand
PN0767,1903-07,instance,Åsgårdstrand
PN0769,1925-04,instance,N/A
PN0771,1890-12-12,instance,Le Havre
PN0772,1891-01-26,instance,Nice
PN0773,N/A,N/A,Oslo
PN0774,1892-07-09,instance,Åsgårdstrand
PN0776,N/A,N/A,København
PN0779,1895.05%1895.06,fromTo,N/A
PN0785,1877-11-12,instance,N/A
PN0795,1891-11-24,instance,N/A
PN0812,1928-12,instance,N/A
PN0842,1893-06-09,instance,N/A
PN0850,1912-05,instance,N/A
PN0852,1907-02,instance,N/A
PN0853,1918.05%1918.06,fromTo,N/A
PN0858,1884-09-30,instance,N/A
PN0859,1885-03-11,instance,N/A
PN0860,1885-03-11,instance,N/A
PN0861,1885-04-03,instance,N/A
PN0862,1885-04-06,instance,N/A
PN0863,1885-08-02,instance,N/A
PN0867,1884-10,instance,N/A
PN0868,1883-12,instance,N/A
PN0871,1916,instance,N/A
PN0876,1911.03%1911.04,fromTo,N/A
PN0895,1894-07-22,instance,N/A
PN0898,1897-11-30,instance,N/A
PN0899,1906,instance,N/A
PN0900,1906-12,instance,N/A
PN0901,1907,instance,N/A
PN0902,1906-12,instance,N/A
PN0904,N/A,N/A,Åsgårdstrand
PN0908,1912-12,instance,N/A
PN0909,1890-12-22,instance,Le Havre
PN0915,1927-02,instance,N/A
PN0924,1903-05,instance,N/A
PN0937,1905-12,instance,N/A
PN0938,1905-02,instance,N/A
PN0941,1904-01,instance,N/A
PN0958,1905-08,instance,N/A
PN0959,1905-08,instance,N/A
PN0960,1905-12,instance,N/A
PN0961,1905,instance,N/A
PN0962,1905-08,instance,N/A
PN0966,1905-08,instance,N/A
PN0986,1926-11,instance,N/A
PN0989,1926-12,instance,N/A
PN0999,1897-08-02,instance,N/A
PN1000,1897-07-06,instance,N/A
PN1001,1897-03-25,instance,N/A
PN1002,1897-01-30,instance,N/A
PN1003,1896-10-29,instance,N/A
PN1005,1899-06-24,instance,N/A
PN1006,1903-05,instance,N/A
PN1010,1903-09,instance,N/A
PN1011,1903,instance,N/A
PN1015,1903,instance,N/A
PN1016,1903,instance,N/A
PN1017,1903,instance,N/A
PN1018,1903,instance,N/A
PN1019,1903,instance,N/A
PN1023,1906-01,instance,N/A
PN1027,1906-01,instance,N/A
PN1028,1906-06,instance,N/A
PN1036,1910-04,instance,N/A
PN1040,1898-06-13,instance,N/A
PN1047,11-11-07,instance,N/A
PN1059,1896-09-30,instance,N/A
PN1068,1904-01,instance,N/A
PN1069,1889-12-27,instance,N/A
PN1070,1884-04-15,instance,N/A
PN1071,1891-03-24,instance,N/A
PN1072,1889-04-04,instance,N/A
PN1073,1890-10-21,instance,N/A
PN1074,1891-01-22,instance,N/A
PN1080,1922-05,instance,N/A
PN1085,1922.04%1922.05,fromTo,N/A
PN1094,1931-06,instance,N/A
PN1096,1931-10,instance,N/A
PN1108,1927-10,instance,N/A
PN1109,1924-12,instance,N/A
PN1116,1888-05-24,instance,N/A
PN1127,1911-08,instance,N/A
PN1128,1917-08,instance,N/A
PN1134,N/A,N/A,Oslo
PN1140,1929-02,instance,N/A
PN1145,1905-07,instance,N/A
PN1147,1905-12,instance,N/A
PN1148,1906-04,instance,N/A
PN1153,1906-09,instance,N/A
PN1154,1906-10,instance,N/A
PN1155,1906.11%1906.12,fromTo,N/A
PN1161,1907-08,instance,N/A
PN1162,1907-08,instance,N/A
PN1164,1907-08,instance,N/A
PN1169,1907-10,instance,N/A
PN1173,1907.10%1907.11,fromTo,N/A
PN1174,1907-11,instance,N/A
PN1183,1908-10,instance,N/A
PN1184,1908-10,instance,N/A
PN1188,1912-03,instance,N/A
PN1191,1922%1922,fromTo,N/A
PN1200,1907.01%1907.02,fromTo,N/A
PN1206,1909-04,instance,N/A
PN1208,1909-10,instance,N/A
PN1211,1913-11,instance,N/A
PN1217,1917%1917,fromTo,N/A
PN1237,N/A,N/A,Oslo
PN1238,1909-02,instance,N/A
PN1239,1928-10,instance,N/A
PN1240,1892-01,instance,N/A
PN1242,N/A,N/A,Hvitsten
PN1253,N/A,N/A,Oslo
PN1255,1913-01,instance,N/A
PN1259,1903-06,instance,N/A
PN1260,1903-07,instance,N/A
PN1261,1903,instance,N/A
PN1291,1902-04-29,instance,N/A
PN1293,1894-07-01,instance,N/A
PN1294,1896-02-28,instance,N/A
PN1308,1895-12-31,instance,N/A
PN1331,1906,instance,N/A
PN1332,1908,instance,N/A
PN1338,1907-09,instance,N/A
PN1339,1929-02,instance,N/A
PN1340,1929-04,instance,N/A
PN1342,1923–1924,instance,N/A
PN1349,1912-11,instance,N/A
PN1350,1912.12%1913.01,fromTo,N/A
PN1351,1912.10.14%1912.10.15,fromTo,N/A
PN1353,1918-04,instance,N/A
PN1355,1911.02%1911.03,fromTo,N/A
PN1356,1918-04,instance,N/A
PN1357,1912-12,instance,N/A
PN1364,1917-06,instance,N/A
PN1367,1906-10,instance,N/A
PN1369,1910-12,instance,N/A
PN1376,1896-07,instance,N/A
PN1380,1909-11,instance,N/A
PN1421,1932-06,instance,N/A
PN1428,1932-06,instance,N/A
PN1429,1932-02,instance,N/A
PN1436,1922-07,instance,N/A
PN1437,1931-12,instance,N/A
PN1448,1898-03-22,instance,N/A
